source	target	weight
PA14_09210	PA14_09220	0.989186488629195
PA14_09210	PA14_09230	0.949641673809787
PA14_09210	PA14_09240	0.993796842297057
PA14_09220	PA14_09240	0.970197537084174
PA14_09230	PA14_09240	0.971828175296338
PA14_09210	PA14_09270	0.992725708683316
PA14_09220	PA14_09270	0.986457903334577
PA14_09230	PA14_09270	0.948576573314447
PA14_09240	PA14_09270	0.986203119055928
PA14_09210	PA14_09280	0.996602826467104
PA14_09220	PA14_09280	0.983378913447057
PA14_09230	PA14_09280	0.953567821952264
PA14_09240	PA14_09280	0.993770306923174
PA14_09270	PA14_09280	0.992894034376614
PA14_09230	PA14_09290	0.985140125206737
PA14_09240	PA14_09290	0.955727750943642
PA14_09210	PA14_09300	0.988647704739966
PA14_09220	PA14_09300	0.981572516008555
PA14_09240	PA14_09300	0.983421772848507
PA14_09270	PA14_09300	0.989818893357816
PA14_09280	PA14_09300	0.992481230396793
PA14_09210	PA14_09320	0.944869141727667
PA14_09230	PA14_09320	0.98407275179514
PA14_09240	PA14_09320	0.966377163906421
PA14_09280	PA14_09320	0.947800729331064
PA14_09290	PA14_09320	0.985059201379113
PA14_09300	PA14_09320	0.943213391231211
PA14_09210	PA14_09340	0.980812845532279
PA14_09220	PA14_09340	0.96081232604657
PA14_09230	PA14_09340	0.97381769594632
PA14_09240	PA14_09340	0.987984189535433
PA14_09270	PA14_09340	0.98822141616269
PA14_09280	PA14_09340	0.984217471989121
PA14_09290	PA14_09340	0.955029205644642
PA14_09300	PA14_09340	0.976123575453281
PA14_09320	PA14_09340	0.954139627010332
PA14_09210	PA14_09350	0.957017684043861
PA14_09220	PA14_09350	0.962774336614521
PA14_09240	PA14_09350	0.939052444382952
PA14_09270	PA14_09350	0.976148279648234
PA14_09280	PA14_09350	0.95232164184838
PA14_09300	PA14_09350	0.951340053118946
PA14_09340	PA14_09350	0.955653797635534
PA14_09210	PA14_09370	0.988111887877965
PA14_09220	PA14_09370	0.958442818479313
PA14_09230	PA14_09370	0.97697917848021
PA14_09240	PA14_09370	0.99338364011775
PA14_09270	PA14_09370	0.979932753767798
PA14_09280	PA14_09370	0.987007272181381
PA14_09290	PA14_09370	0.959339284504241
PA14_09300	PA14_09370	0.977311060219975
PA14_09320	PA14_09370	0.977307785893142
PA14_09340	PA14_09370	0.982300592901915
PA14_09350	PA14_09370	0.938276912826752
PA14_09210	PA14_09380	0.978669065904444
PA14_09220	PA14_09380	0.9629673575586
PA14_09230	PA14_09380	0.956529770290502
PA14_09240	PA14_09380	0.97888181242831
PA14_09270	PA14_09380	0.978118267043521
PA14_09280	PA14_09380	0.978427303965759
PA14_09300	PA14_09380	0.967929031660479
PA14_09320	PA14_09380	0.94032940227654
PA14_09340	PA14_09380	0.985904842893018
PA14_09350	PA14_09380	0.952143562537113
PA14_09370	PA14_09380	0.983772161580536
PA14_00620	PA14_18140	0.949649789344961
PA14_09210	PA14_26020	0.976298316558611
PA14_09220	PA14_26020	0.956433069842284
PA14_09230	PA14_26020	0.949422770521561
PA14_09240	PA14_26020	0.980342442578318
PA14_09270	PA14_26020	0.974090591561956
PA14_09280	PA14_26020	0.981862825090767
PA14_09300	PA14_26020	0.974446651785622
PA14_09320	PA14_26020	0.942195959064112
PA14_09340	PA14_26020	0.960860653651984
PA14_09370	PA14_26020	0.973312126481643
PA14_09380	PA14_26020	0.950365638674729
PA14_09450	PA14_26020	0.942588795793932
PA14_09210	PA14_31290	0.948046124917779
PA14_09220	PA14_31290	0.94099549950933
PA14_09270	PA14_31290	0.948641604464233
PA14_09280	PA14_31290	0.943306161330108
PA14_09300	PA14_31290	0.942044930001715
PA14_09350	PA14_32720	0.943108376540253
PA14_09340	PA14_34870	0.944999119015769
PA14_09240	PA14_37250	0.940274002578375
PA14_09450	PA14_37250	0.980396467010464
PA14_26020	PA14_37250	0.968806684776658
PA14_09450	PA14_37290	0.972883674593143
PA14_37210	PA14_37290	0.94521339937083
PA14_37250	PA14_37290	0.968424268872403
PA14_09450	PA14_37310	0.96125994986802
PA14_37210	PA14_37310	0.961625584559486
PA14_37250	PA14_37310	0.969852590706288
PA14_37290	PA14_37310	0.990757557407985
PA14_09350	PA14_38210	0.939328235791006
PA14_32720	PA14_38210	0.951987791112055
PA14_32720	PA14_38220	0.938482143732855
PA14_38210	PA14_38220	0.97920109598985
PA14_38220	PA14_39810	0.948573387306955
PA14_09450	PA14_39880	0.977191983582551
PA14_37210	PA14_39880	0.939449594852841
PA14_37250	PA14_39880	0.968616800519478
PA14_37290	PA14_39880	0.955178104948115
PA14_37310	PA14_39880	0.946796120324887
PA14_09450	PA14_39890	0.995287801138963
PA14_26020	PA14_39890	0.948743888328958
PA14_37250	PA14_39890	0.982633103535537
PA14_37290	PA14_39890	0.960677325130219
PA14_37310	PA14_39890	0.948055959764427
PA14_39880	PA14_39890	0.977153147946218
PA14_09450	PA14_39925	0.996854766481026
PA14_26020	PA14_39925	0.945223268532417
PA14_37250	PA14_39925	0.982174131632639
PA14_37290	PA14_39925	0.971613365226081
PA14_37310	PA14_39925	0.961853602680502
PA14_39880	PA14_39925	0.976156406520569
PA14_39890	PA14_39925	0.994383867022648
PA14_09450	PA14_39945	0.98009427673609
PA14_37250	PA14_39945	0.9725177061323
PA14_37290	PA14_39945	0.950043310673261
PA14_37310	PA14_39945	0.946492064734426
PA14_39890	PA14_39945	0.981728705101833
PA14_39925	PA14_39945	0.97860618229479
PA14_18140	PA14_40240	0.939620552333832
PA14_40230	PA14_40240	0.966284121250203
PA14_09230	PA14_40250	0.941880107164795
PA14_09290	PA14_40250	0.943221301844117
PA14_09340	PA14_40250	0.951297674987316
PA14_38220	PA14_40250	0.942798628603739
PA14_40230	PA14_40250	0.982975570427818
PA14_09230	PA14_40260	0.964397226315965
PA14_09290	PA14_40260	0.96362159307829
PA14_09340	PA14_40260	0.958766407369233
PA14_40230	PA14_40260	0.967847498945404
PA14_40250	PA14_40260	0.981671624083809
PA14_34870	PA14_40290	0.97624372559842
PA14_32720	PA14_47390	0.941506778792059
PA14_38210	PA14_47390	0.95529588902149
PA14_34870	PA14_47400	0.944869351077282
PA14_55840	PA14_55860	0.971157002031532
PA14_09270	PA14_55880	0.939187057262052
PA14_26020	PA14_55880	0.947408090663543
PA14_09210	PA14_55890	0.966638911546106
PA14_09220	PA14_55890	0.938631030700011
PA14_09230	PA14_55890	0.953363247450258
PA14_09240	PA14_55890	0.979906418502452
PA14_09270	PA14_55890	0.962420410455869
PA14_09280	PA14_55890	0.972934668375879
PA14_09290	PA14_55890	0.949506971995414
PA14_09300	PA14_55890	0.96358120473818
PA14_09320	PA14_55890	0.948981691261065
PA14_09340	PA14_55890	0.961309577478066
PA14_09370	PA14_55890	0.972966455435488
PA14_09380	PA14_55890	0.951439552708606
PA14_09450	PA14_55890	0.953457859981909
PA14_26020	PA14_55890	0.990852824892956
PA14_37250	PA14_55890	0.972964971833795
PA14_39880	PA14_55890	0.945161768322767
PA14_39890	PA14_55890	0.956603247404783
PA14_39925	PA14_55890	0.951940270931082
PA14_09210	PA14_55900	0.94284380711963
PA14_09220	PA14_55900	0.946681193714028
PA14_09240	PA14_55900	0.93943451473651
PA14_09270	PA14_55900	0.95949516057877
PA14_09280	PA14_55900	0.952777139557354
PA14_09300	PA14_55900	0.951087297299226
PA14_09340	PA14_55900	0.940389261076935
PA14_26020	PA14_55900	0.960650563737201
PA14_55880	PA14_55900	0.981793432003095
PA14_55890	PA14_55900	0.960462469336944
PA14_09210	PA14_55920	0.961772307325635
PA14_09230	PA14_55920	0.954515171832419
PA14_09240	PA14_55920	0.97434329683604
PA14_09270	PA14_55920	0.969080563721413
PA14_09280	PA14_55920	0.973807276646062
PA14_09290	PA14_55920	0.95513779975443
PA14_09300	PA14_55920	0.962718691816841
PA14_09320	PA14_55920	0.941156513073774
PA14_09340	PA14_55920	0.970029556911108
PA14_09370	PA14_55920	0.960130724307232
PA14_09380	PA14_55920	0.946808922018014
PA14_26020	PA14_55920	0.983010565185178
PA14_40230	PA14_55920	0.941464284333463
PA14_40250	PA14_55920	0.949079613011252
PA14_40260	PA14_55920	0.944773093798437
PA14_55890	PA14_55920	0.981550740776013
PA14_55900	PA14_55920	0.957903247231468
PA14_09290	PA14_55930	0.94185935112548
PA14_18140	PA14_55930	0.940667323316545
PA14_40230	PA14_55930	0.970700130774367
PA14_40240	PA14_55930	0.958342824203196
PA14_40250	PA14_55930	0.97058314840889
PA14_40260	PA14_55930	0.977194939254552
PA14_09230	PA14_55940	0.970485615569761
PA14_09290	PA14_55940	0.958536696708209
PA14_09320	PA14_55940	0.952190318794021
PA14_40250	PA14_55940	0.941644277578622
PA14_40260	PA14_55940	0.957772691035564
PA14_38210	PA14_57990	0.964387937090368
PA14_38220	PA14_57990	0.946646644736025
PA14_47390	PA14_57990	0.966057172214057
PA14_38220	PA14_58000	0.950867361462971
PA14_40250	PA14_58000	0.953387428536645
PA14_40260	PA14_58000	0.955620993084168
PA14_55580	PA14_58000	0.960891842597688
PA14_55940	PA14_58000	0.943636469569697
PA14_09350	PA14_58010	0.950685087544005
PA14_09350	PA14_58030	0.942673365888439
PA14_38210	PA14_58030	0.962375468368516
PA14_38220	PA14_58030	0.9513200082154
PA14_40230	PA14_58030	0.945529100831472
PA14_58010	PA14_58030	0.940791882981327
PA14_38220	PA14_58040	0.941549186381623
PA14_39810	PA14_58040	0.950994394796628
PA14_55840	PA14_58040	0.944232034797048
PA14_58030	PA14_58040	0.942535463984656
PA14_09270	PA14_60480	0.955039692362657
PA14_09340	PA14_60480	0.943223575823137
PA14_09350	PA14_60480	0.975232439617334
PA14_32720	PA14_60480	0.969480359047329
PA14_38210	PA14_60480	0.956084932526002
PA14_40250	PA14_60480	0.947742863152896
PA14_58010	PA14_60480	0.95108653173319
PA14_58030	PA14_60480	0.947942394380625
PA14_09270	PA14_06650	-0.942827783484026
PA14_09210	PA14_06670	-0.96092320948164
PA14_09220	PA14_06670	-0.940012327029134
PA14_09240	PA14_06670	-0.961041647160294
PA14_09270	PA14_06670	-0.953788018025504
PA14_09280	PA14_06670	-0.954671770962234
PA14_09300	PA14_06670	-0.946157392862078
PA14_09340	PA14_06670	-0.952221991943475
PA14_09370	PA14_06670	-0.962246174849304
PA14_09380	PA14_06670	-0.951045063775301
PA14_06650	PA14_06680	0.969855464523553
PA14_09240	PA14_06710	-0.9464544848441
PA14_09370	PA14_06710	-0.946924992495488
PA14_06670	PA14_06710	0.968442931208995
PA14_06650	PA14_06720	0.971331188068151
PA14_06680	PA14_06720	0.959903095700806
PA14_06720	PA14_06730	0.942326470029905
PA14_09210	PA14_06740	-0.941338314888524
PA14_09240	PA14_06740	-0.939240375578208
PA14_09280	PA14_06740	-0.938224041782368
PA14_09370	PA14_06740	-0.95075469427961
PA14_06650	PA14_06740	0.95977389284338
PA14_06670	PA14_06740	0.95225838565519
PA14_06680	PA14_06740	0.938899402770264
PA14_06720	PA14_06740	0.946824998972839
PA14_06730	PA14_06740	0.949514070913189
PA14_09210	PA14_06750	-0.953423135247018
PA14_09240	PA14_06750	-0.947858993021705
PA14_09270	PA14_06750	-0.95166509157112
PA14_09280	PA14_06750	-0.943354111613383
PA14_09300	PA14_06750	-0.94584659621019
PA14_09320	PA14_06750	-0.951246701748633
PA14_09340	PA14_06750	-0.939108493996813
PA14_09370	PA14_06750	-0.962689958931296
PA14_31290	PA14_06750	-0.945379553665015
PA14_06650	PA14_06750	0.968737483558236
PA14_06670	PA14_06750	0.954872122294287
PA14_06680	PA14_06750	0.947498425266828
PA14_06720	PA14_06750	0.971918813081797
PA14_06730	PA14_06750	0.957603620848299
PA14_06740	PA14_06750	0.966696365502357
PA14_09370	PA14_06810	-0.942094133026063
PA14_06670	PA14_06810	0.945436975916078
PA14_06730	PA14_06810	0.956540994078742
PA14_06740	PA14_06810	0.974957795158892
PA14_06750	PA14_06810	0.944764981064133
PA14_09210	PA14_06830	-0.946865083920425
PA14_09240	PA14_06830	-0.950536549823991
PA14_09280	PA14_06830	-0.95113015510246
PA14_09300	PA14_06830	-0.942321670504166
PA14_09370	PA14_06830	-0.943103639814229
PA14_26020	PA14_06830	-0.952922836486357
PA14_39890	PA14_06830	-0.940572564206623
PA14_55890	PA14_06830	-0.946713314134913
PA14_09210	PA14_06840	-0.967029410680761
PA14_09230	PA14_06840	-0.938373822610871
PA14_09240	PA14_06840	-0.966544796274402
PA14_09270	PA14_06840	-0.938851278154274
PA14_09280	PA14_06840	-0.957706788020893
PA14_09300	PA14_06840	-0.947433618443921
PA14_09320	PA14_06840	-0.958100134921863
PA14_09370	PA14_06840	-0.968030430080036
PA14_26020	PA14_06840	-0.939970811923465
PA14_06670	PA14_06840	0.941154182207734
PA14_06750	PA14_06840	0.94494907901914
PA14_06810	PA14_06840	0.947281985835626
PA14_06830	PA14_06840	0.942366205881708
PA14_06840	PA14_13250	0.958181597416835
PA14_13250	PA14_13280	0.955944385151091
PA14_06650	PA14_13290	0.970380503584112
PA14_06680	PA14_13290	0.951776393608102
PA14_06720	PA14_13290	0.93898722516048
PA14_06740	PA14_13290	0.94842250689977
PA14_06750	PA14_13290	0.941142678992125
PA14_09210	PA14_13300	-0.965370511969487
PA14_09220	PA14_13300	-0.94001997279735
PA14_09240	PA14_13300	-0.97133688954754
PA14_09270	PA14_13300	-0.947308886225803
PA14_09280	PA14_13300	-0.955472194276419
PA14_09300	PA14_13300	-0.949968995950909
PA14_09320	PA14_13300	-0.951653203519338
PA14_09340	PA14_13300	-0.953327500101782
PA14_09370	PA14_13300	-0.970423336624056
PA14_09380	PA14_13300	-0.957115813698364
PA14_06670	PA14_13300	0.968665398008555
PA14_06710	PA14_13300	0.966263863532513
PA14_06750	PA14_13300	0.938717864538339
PA14_06810	PA14_13300	0.938103591258133
PA14_06840	PA14_13300	0.968390168754215
PA14_06670	PA14_13750	0.945194597061849
PA14_09210	PA14_13770	-0.947428616654483
PA14_09240	PA14_13770	-0.948939131050852
PA14_09270	PA14_13770	-0.942611203181602
PA14_09340	PA14_13770	-0.955893369448678
PA14_09370	PA14_13770	-0.945130324261056
PA14_09380	PA14_13770	-0.957334896768704
PA14_13300	PA14_13770	0.945192379588747
PA14_09210	PA14_13780	-0.976427374335146
PA14_09220	PA14_13780	-0.948563638471665
PA14_09230	PA14_13780	-0.948041567374685
PA14_09240	PA14_13780	-0.978710158698059
PA14_09270	PA14_13780	-0.962032864403391
PA14_09280	PA14_13780	-0.968939997068061
PA14_09300	PA14_13780	-0.958966082295027
PA14_09320	PA14_13780	-0.957503267384272
PA14_09340	PA14_13780	-0.956048938949419
PA14_09370	PA14_13780	-0.978464507336451
PA14_09380	PA14_13780	-0.945584655901588
PA14_26020	PA14_13780	-0.956518730715262
PA14_31290	PA14_13780	-0.940570438908062
PA14_55890	PA14_13780	-0.950105170850314
PA14_55920	PA14_13780	-0.938702744082184
PA14_06670	PA14_13780	0.969840166336257
PA14_06710	PA14_13780	0.943623198284
PA14_06740	PA14_13780	0.951242714678708
PA14_06750	PA14_13780	0.957014451843918
PA14_06810	PA14_13780	0.95063893245587
PA14_06840	PA14_13780	0.977578886692127
PA14_13250	PA14_13780	0.942877748308852
PA14_13300	PA14_13780	0.97363201997596
PA14_06660	PA14_13800	0.94960723811411
PA14_06670	PA14_13800	0.95012754384757
PA14_06710	PA14_13800	0.945746227781242
PA14_13300	PA14_13800	0.949140311874478
PA14_13320	PA14_13800	0.950862372707054
PA14_06670	PA14_13810	0.943469894971801
PA14_06710	PA14_13810	0.943053810048304
PA14_06810	PA14_13810	0.942463155977024
PA14_06660	PA14_13830	0.966875626975122
PA14_13800	PA14_13830	0.957340602004578
PA14_13250	PA14_13850	0.950315133523074
PA14_09210	PA14_20180	-0.938355201766608
PA14_09240	PA14_20180	-0.94253460863075
PA14_09280	PA14_20180	-0.949799574932019
PA14_09300	PA14_20180	-0.956209304297256
PA14_09370	PA14_20180	-0.943060891453321
PA14_06670	PA14_20180	0.945989303308326
PA14_06710	PA14_20180	0.940475949696098
PA14_06740	PA14_20180	0.949605883944599
PA14_06810	PA14_20180	0.957247608861183
PA14_13780	PA14_20180	0.945429784240303
PA14_13810	PA14_20180	0.938679889320322
PA14_09210	PA14_20190	-0.960222129484461
PA14_09220	PA14_20190	-0.939655384623537
PA14_09240	PA14_20190	-0.959049708144251
PA14_09270	PA14_20190	-0.94332995698295
PA14_09280	PA14_20190	-0.955576603558195
PA14_09300	PA14_20190	-0.948822283853036
PA14_09370	PA14_20190	-0.965857453176296
PA14_09380	PA14_20190	-0.942473705348329
PA14_26020	PA14_20190	-0.943750009809251
PA14_55890	PA14_20190	-0.944777405087682
PA14_06670	PA14_20190	0.949759371415122
PA14_06710	PA14_20190	0.950347196644049
PA14_06840	PA14_20190	0.945086502179611
PA14_13300	PA14_20190	0.94776099675548
PA14_13780	PA14_20190	0.966287441708832
PA14_20180	PA14_20190	0.94397068251243
PA14_13320	PA14_20200	0.95563145125943
PA14_13800	PA14_20200	0.94598758173547
PA14_06670	PA14_20230	0.961150765871847
PA14_06710	PA14_20230	0.942567539709131
PA14_06740	PA14_20230	0.983208455677801
PA14_06750	PA14_20230	0.939069090287743
PA14_06810	PA14_20230	0.978209368496257
PA14_13780	PA14_20230	0.943261380160262
PA14_13810	PA14_20230	0.974556998075606
PA14_20180	PA14_20230	0.963378809104786
PA14_09240	PA14_47640	-0.944945472928333
PA14_09370	PA14_47640	-0.942677495767316
PA14_06660	PA14_47640	0.9474189529965
PA14_06670	PA14_47640	0.94350482015104
PA14_06840	PA14_47640	0.94773414542059
PA14_13300	PA14_47640	0.952599238124013
PA14_13770	PA14_47640	0.9408153812491
PA14_13800	PA14_47640	0.94811779526228
PA14_13830	PA14_47640	0.945975656001977
PA14_20200	PA14_47640	0.941176416350628
PA14_09210	PA14_07980	-0.967843703121423
PA14_09220	PA14_07980	-0.947588309359005
PA14_09240	PA14_07980	-0.975228852637274
PA14_09270	PA14_07980	-0.96883004625927
PA14_09280	PA14_07980	-0.971509630687363
PA14_09300	PA14_07980	-0.96332452564661
PA14_09340	PA14_07980	-0.96711864677926
PA14_09370	PA14_07980	-0.962652851121248
PA14_09380	PA14_07980	-0.944372169239506
PA14_26020	PA14_07980	-0.963954649808639
PA14_55880	PA14_07980	-0.938783525743844
PA14_55890	PA14_07980	-0.967924465735253
PA14_55900	PA14_07980	-0.960432249320167
PA14_55920	PA14_07980	-0.961119267548913
PA14_06670	PA14_07980	0.938832658019421
PA14_13770	PA14_07980	0.939214498095508
PA14_13780	PA14_07980	0.953307225953143
PA14_20180	PA14_07980	0.939527651326994
PA14_37250	PA14_07990	-0.947910655072739
PA14_20180	PA14_08000	0.954749943217546
PA14_07990	PA14_08000	0.967874010020084
PA14_09450	PA14_08020	-0.938506298819318
PA14_37250	PA14_08020	-0.959182392099255
PA14_39890	PA14_08020	-0.950233668244749
PA14_39925	PA14_08020	-0.940534066062348
PA14_39945	PA14_08020	-0.960164944021908
PA14_13280	PA14_08020	0.942921243706922
PA14_07990	PA14_08020	0.97008787314717
PA14_37250	PA14_08030	-0.945414418858812
PA14_06810	PA14_08030	0.942569837343026
PA14_06840	PA14_08030	0.938860696078244
PA14_13250	PA14_08030	0.961191001038136
PA14_13280	PA14_08030	0.955829405818972
PA14_07990	PA14_08030	0.981359066964243
PA14_08000	PA14_08030	0.971888281117531
PA14_08020	PA14_08030	0.981406911175529
PA14_13280	PA14_08040	0.956026430960706
PA14_07990	PA14_08040	0.94068780097668
PA14_08020	PA14_08040	0.947904595671132
PA14_08030	PA14_08040	0.963625976795793
PA14_08020	PA14_08060	0.945587033331022
PA14_08040	PA14_08060	0.955778100944514
PA14_13280	PA14_08070	0.945807497570573
PA14_08030	PA14_08070	0.943353549520788
PA14_08040	PA14_08070	0.990113219052501
PA14_08060	PA14_08070	0.966306708643418
PA14_13280	PA14_08090	0.952925671918582
PA14_07990	PA14_08090	0.953071273696704
PA14_08020	PA14_08090	0.962786907282075
PA14_08030	PA14_08090	0.973026324153044
PA14_08040	PA14_08090	0.989042565731982
PA14_08060	PA14_08090	0.970263132997649
PA14_08070	PA14_08090	0.990740784291858
PA14_13280	PA14_08100	0.965923556000187
PA14_07990	PA14_08100	0.938493288704148
PA14_08020	PA14_08100	0.947369366620871
PA14_08030	PA14_08100	0.966500395337667
PA14_08040	PA14_08100	0.991190427622934
PA14_08060	PA14_08100	0.953753272859031
PA14_08070	PA14_08100	0.990089890911393
PA14_08090	PA14_08100	0.99366842380835
PA14_13280	PA14_08120	0.959776526603057
PA14_07990	PA14_08120	0.97077812681096
PA14_08020	PA14_08120	0.97330648929151
PA14_08030	PA14_08120	0.983964686455724
PA14_08040	PA14_08120	0.982042053603304
PA14_08060	PA14_08120	0.94863484209913
PA14_08070	PA14_08120	0.972828712457901
PA14_08090	PA14_08120	0.988462503052468
PA14_08100	PA14_08120	0.981016474346302
PA14_13280	PA14_08130	0.975903976846636
PA14_08020	PA14_08130	0.943003485327009
PA14_08030	PA14_08130	0.944155226121047
PA14_08040	PA14_08130	0.983196542629663
PA14_08070	PA14_08130	0.982021477261677
PA14_08090	PA14_08130	0.977422908529743
PA14_08100	PA14_08130	0.981828829483964
PA14_08120	PA14_08130	0.974203762939021
PA14_08060	PA14_08140	0.944674001970465
PA14_13280	PA14_08150	0.966301589194286
PA14_08030	PA14_08150	0.953361036563049
PA14_08040	PA14_08150	0.970644987225344
PA14_08070	PA14_08150	0.980370785425455
PA14_08090	PA14_08150	0.982609036571679
PA14_08100	PA14_08150	0.987378267053775
PA14_08120	PA14_08150	0.97629568164815
PA14_08130	PA14_08150	0.976553306571893
PA14_13250	PA14_08160	0.970571732152074
PA14_13280	PA14_08160	0.959228454157577
PA14_13850	PA14_08160	0.955266331384543
PA14_07990	PA14_08160	0.942116014497752
PA14_08020	PA14_08160	0.967816760695044
PA14_08030	PA14_08160	0.965810530498697
PA14_08120	PA14_08160	0.952169883108658
PA14_08130	PA14_08160	0.939134379741854
PA14_13280	PA14_08200	0.945010432684299
PA14_08020	PA14_08200	0.96239447057521
PA14_08030	PA14_08200	0.953286455377561
PA14_08040	PA14_08200	0.961099023575534
PA14_08060	PA14_08200	0.945414597990599
PA14_08070	PA14_08200	0.960218646486335
PA14_08090	PA14_08200	0.965127513308953
PA14_08100	PA14_08200	0.96002996469446
PA14_08120	PA14_08200	0.952181813163241
PA14_08130	PA14_08200	0.95270460753948
PA14_08150	PA14_08200	0.950989365855608
PA14_07990	PA14_08210	0.973503629613709
PA14_08020	PA14_08210	0.94391311565836
PA14_08030	PA14_08210	0.959219856473089
PA14_08040	PA14_08210	0.955206234514172
PA14_08090	PA14_08210	0.951500737254944
PA14_08100	PA14_08210	0.939545010275655
PA14_08120	PA14_08210	0.967455168906847
PA14_13250	PA14_08220	0.944217192942809
PA14_07990	PA14_08220	0.971050704637284
PA14_08000	PA14_08220	0.947411205253489
PA14_08020	PA14_08220	0.959235680088626
PA14_08030	PA14_08220	0.974177922232129
PA14_08040	PA14_08220	0.959586022138743
PA14_08090	PA14_08220	0.954650925972976
PA14_08100	PA14_08220	0.955060918702183
PA14_08120	PA14_08220	0.968028743777803
PA14_08130	PA14_08220	0.942106077378363
PA14_08150	PA14_08220	0.93915495298319
PA14_08160	PA14_08220	0.95866617362927
PA14_08210	PA14_08220	0.96093098664183
PA14_07990	PA14_08230	0.940684355524603
PA14_08000	PA14_08230	0.941027786478589
PA14_08020	PA14_08230	0.953764224658796
PA14_08030	PA14_08230	0.961785771625544
PA14_08040	PA14_08230	0.96791432943623
PA14_08060	PA14_08230	0.968064721949477
PA14_08070	PA14_08230	0.962690501716154
PA14_08090	PA14_08230	0.97406172464364
PA14_08100	PA14_08230	0.972258921564991
PA14_08120	PA14_08230	0.960021451164786
PA14_08130	PA14_08230	0.946097790208641
PA14_08150	PA14_08230	0.949770242653204
PA14_08200	PA14_08230	0.97302816866183
PA14_13280	PA14_08240	0.947009755827587
PA14_07990	PA14_08240	0.954614230677221
PA14_08020	PA14_08240	0.965813591589775
PA14_08030	PA14_08240	0.971868611370577
PA14_08040	PA14_08240	0.989645852822173
PA14_08060	PA14_08240	0.972229381769407
PA14_08070	PA14_08240	0.987913729985033
PA14_08090	PA14_08240	0.989935587419992
PA14_08100	PA14_08240	0.985254516193737
PA14_08120	PA14_08240	0.982820702222489
PA14_08130	PA14_08240	0.972988191717493
PA14_08150	PA14_08240	0.971787514389443
PA14_08200	PA14_08240	0.973883257605417
PA14_08210	PA14_08240	0.962891162917385
PA14_08220	PA14_08240	0.958603599708197
PA14_08230	PA14_08240	0.977855707693651
PA14_08040	PA14_08250	0.966333114208995
PA14_08060	PA14_08250	0.954016102646908
PA14_08070	PA14_08250	0.980388611174308
PA14_08090	PA14_08250	0.973719488866146
PA14_08100	PA14_08250	0.976895811401018
PA14_08120	PA14_08250	0.952208992315487
PA14_08130	PA14_08250	0.947060030565905
PA14_08150	PA14_08250	0.976142018088679
PA14_08210	PA14_08250	0.939047294193473
PA14_08230	PA14_08250	0.958696557987231
PA14_08240	PA14_08250	0.975934015739747
PA14_07990	PA14_08260	0.949747725233492
PA14_08030	PA14_08260	0.965229774497275
PA14_08040	PA14_08260	0.967891725012157
PA14_08060	PA14_08260	0.942764685027279
PA14_08070	PA14_08260	0.96874791192274
PA14_08090	PA14_08260	0.972680295973228
PA14_08100	PA14_08260	0.969441704889619
PA14_08120	PA14_08260	0.976401884572998
PA14_08130	PA14_08260	0.947540182563568
PA14_08150	PA14_08260	0.973802288680875
PA14_08200	PA14_08260	0.941177470717952
PA14_08210	PA14_08260	0.969191704536109
PA14_08230	PA14_08260	0.954783077524315
PA14_08240	PA14_08260	0.978393901366422
PA14_08250	PA14_08260	0.979684382155379
PA14_08030	PA14_08270	0.938386219284972
PA14_08040	PA14_08270	0.979318565591663
PA14_08060	PA14_08270	0.963918955948064
PA14_08070	PA14_08270	0.983087484575519
PA14_08090	PA14_08270	0.972225573556919
PA14_08100	PA14_08270	0.976619403169217
PA14_08120	PA14_08270	0.961128107123565
PA14_08130	PA14_08270	0.961338302353288
PA14_08150	PA14_08270	0.964488146511237
PA14_08200	PA14_08270	0.939028588430944
PA14_08210	PA14_08270	0.949338683344247
PA14_08230	PA14_08270	0.958437663619895
PA14_08240	PA14_08270	0.984551949579042
PA14_08250	PA14_08270	0.986277584062879
PA14_08260	PA14_08270	0.972577629332162
PA14_13280	PA14_08280	0.955065277947185
PA14_07990	PA14_08280	0.967006559936955
PA14_08000	PA14_08280	0.944505414461178
PA14_08020	PA14_08280	0.983129944233808
PA14_08030	PA14_08280	0.984412118512664
PA14_08040	PA14_08280	0.977562239935383
PA14_08060	PA14_08280	0.969312265397099
PA14_08070	PA14_08280	0.97477541604229
PA14_08090	PA14_08280	0.988968796454818
PA14_08100	PA14_08280	0.980891537908807
PA14_08120	PA14_08280	0.986860248300414
PA14_08130	PA14_08280	0.968081018546412
PA14_08150	PA14_08280	0.972394155599357
PA14_08160	PA14_08280	0.945375339465047
PA14_08200	PA14_08280	0.976006287499307
PA14_08210	PA14_08280	0.953857322411709
PA14_08220	PA14_08280	0.961188813385113
PA14_08230	PA14_08280	0.979597442161893
PA14_08240	PA14_08280	0.992862977170659
PA14_08250	PA14_08280	0.964097729404797
PA14_08260	PA14_08280	0.972188593662604
PA14_08270	PA14_08280	0.968911646720919
PA14_37250	PA14_08300	-0.954787111314723
PA14_39890	PA14_08300	-0.939427077226673
PA14_39945	PA14_08300	-0.944849744466103
PA14_13250	PA14_08300	0.951991511423033
PA14_13280	PA14_08300	0.957489780284223
PA14_07990	PA14_08300	0.984389561771986
PA14_08000	PA14_08300	0.959895940811208
PA14_08020	PA14_08300	0.990475094637881
PA14_08030	PA14_08300	0.993323931716745
PA14_08040	PA14_08300	0.967438147522498
PA14_08060	PA14_08300	0.94698008538142
PA14_08070	PA14_08300	0.953340395136284
PA14_08090	PA14_08300	0.97762867783862
PA14_08100	PA14_08300	0.968967052161961
PA14_08120	PA14_08300	0.985669159750151
PA14_08130	PA14_08300	0.95515522304461
PA14_08150	PA14_08300	0.963032232730721
PA14_08160	PA14_08300	0.967635091847177
PA14_08200	PA14_08300	0.966640520746871
PA14_08210	PA14_08300	0.965004793867816
PA14_08220	PA14_08300	0.972765209262917
PA14_08230	PA14_08300	0.966259200477582
PA14_08240	PA14_08300	0.980110203654289
PA14_08250	PA14_08300	0.945720289960307
PA14_08260	PA14_08300	0.966070924099962
PA14_08270	PA14_08300	0.951923517978557
PA14_08280	PA14_08300	0.99148690524324
PA14_26020	PA14_16140	-0.938337727077431
PA14_37250	PA14_16150	-0.964430044808089
PA14_39890	PA14_16150	-0.946796598550042
PA14_39945	PA14_16150	-0.944795235318294
PA14_08020	PA14_16150	0.943965987298186
PA14_08030	PA14_16150	0.938761055711242
PA14_08280	PA14_16150	0.940954210134207
PA14_08300	PA14_16150	0.950897630605481
PA14_08250	PA14_16800	0.952131744560473
PA14_08260	PA14_16800	0.9456717639891
PA14_08270	PA14_16800	0.942351990866716
PA14_03410	PA14_20500	0.96088718778065
PA14_03410	PA14_27190	0.981721746977347
PA14_20500	PA14_27190	0.963995904634197
PA14_09210	PA14_29620	-0.944175971711542
PA14_09240	PA14_29620	-0.949463995065594
PA14_09280	PA14_29620	-0.940103028284899
PA14_09320	PA14_29620	-0.946762504770106
PA14_09370	PA14_29620	-0.955192515774864
PA14_26020	PA14_29620	-0.952555932794697
PA14_37250	PA14_29620	-0.956627484080738
PA14_55890	PA14_29620	-0.948593966923979
PA14_06740	PA14_29620	0.945659134111119
PA14_06830	PA14_29620	0.958096277554341
PA14_06840	PA14_29620	0.953764095251415
PA14_13250	PA14_29620	0.964896093799428
PA14_13780	PA14_29620	0.953220840639955
PA14_08030	PA14_29620	0.942822390175576
PA14_08160	PA14_29620	0.951592453051198
PA14_08300	PA14_29620	0.951251348502883
PA14_16140	PA14_29620	0.94022331609701
PA14_16150	PA14_29620	0.93871059484057
PA14_20500	PA14_30420	0.938778282678986
PA14_27190	PA14_30420	0.973749414896217
PA14_27190	PA14_30720	0.967868154219974
PA14_30420	PA14_30720	0.968430752312281
PA14_39890	PA14_40370	-0.942733814458583
PA14_03410	PA14_51230	0.96217808733876
PA14_20500	PA14_51230	0.94618930962192
PA14_27190	PA14_51230	0.983880550440554
PA14_30420	PA14_51230	0.977343675360772
PA14_30720	PA14_51230	0.969548594605977
PA14_27190	PA14_52560	0.961146938694895
PA14_30420	PA14_52560	0.962419266861243
PA14_51230	PA14_52560	0.967472385504477
PA14_07990	PA14_53820	0.956275322352189
PA14_08020	PA14_53820	0.949023433919328
PA14_08030	PA14_53820	0.9583709948764
PA14_08040	PA14_53820	0.957092491377374
PA14_08060	PA14_53820	0.95592327456623
PA14_08070	PA14_53820	0.960542737386305
PA14_08090	PA14_53820	0.969933878181081
PA14_08100	PA14_53820	0.954841067029995
PA14_08120	PA14_53820	0.964903672105582
PA14_08150	PA14_53820	0.953382333215398
PA14_08200	PA14_53820	0.9499314456892
PA14_08210	PA14_53820	0.977556760161013
PA14_08230	PA14_53820	0.957624006601195
PA14_08240	PA14_53820	0.979652318119404
PA14_08250	PA14_53820	0.972441684035288
PA14_08260	PA14_53820	0.984004980404311
PA14_08270	PA14_53820	0.964975217471795
PA14_08280	PA14_53820	0.97364039732537
PA14_08300	PA14_53820	0.966521463971167
PA14_09210	PA14_63010	-0.938506451040874
PA14_09240	PA14_63010	-0.948261152089127
PA14_09320	PA14_63010	-0.946520271351488
PA14_09370	PA14_63010	-0.954931230725068
PA14_06670	PA14_63010	0.938757891263984
PA14_06810	PA14_63010	0.954003720428378
PA14_06840	PA14_63010	0.957256161830269
PA14_13250	PA14_63010	0.942761957188377
PA14_13780	PA14_63010	0.95383822696392
PA14_20230	PA14_63010	0.939368867567807
PA14_47640	PA14_63010	0.947105047933103
PA14_07990	PA14_63010	0.94819811429115
PA14_08030	PA14_63010	0.945658014135744
PA14_08160	PA14_63010	0.944180360038156
PA14_08210	PA14_63010	0.951100813746826
PA14_08300	PA14_63010	0.95173488135939
PA14_29620	PA14_63010	0.950901691311694
PA14_20500	PA14_63460	0.945546700702221
PA14_27190	PA14_63460	0.959767471977505
PA14_30420	PA14_63460	0.979367235852615
PA14_30720	PA14_63460	0.955465972326065
PA14_51230	PA14_63460	0.965809445953462
PA14_52560	PA14_63460	0.956903611100577
PA14_09450	PA14_71900	-0.953460747309648
PA14_39880	PA14_71900	-0.945068385860348
PA14_39890	PA14_71900	-0.961778002174342
PA14_39925	PA14_71900	-0.958696311346665
PA14_39945	PA14_71900	-0.944938658713774
PA14_13280	PA14_51940	0.940130888886633
PA14_09210	PA14_23680	-0.944510018432332
PA14_09240	PA14_23680	-0.951267448469144
PA14_09270	PA14_23680	-0.954897191894162
PA14_09280	PA14_23680	-0.955409357672285
PA14_09300	PA14_23680	-0.956045542132025
PA14_09340	PA14_23680	-0.943433134709747
PA14_09370	PA14_23680	-0.941616791942753
PA14_26020	PA14_23680	-0.972272948704845
PA14_55880	PA14_23680	-0.966572989849732
PA14_55890	PA14_23680	-0.966431786702086
PA14_55900	PA14_23680	-0.969845099629555
PA14_55920	PA14_23680	-0.974274030656199
PA14_07980	PA14_23680	0.957415699895192
PA14_09230	PA14_29600	-0.938624311998868
PA14_09240	PA14_29600	-0.938516174004171
PA14_09340	PA14_29600	-0.959548477894783
PA14_09380	PA14_29600	-0.9461352880154
PA14_40260	PA14_29600	-0.952618926490758
PA14_55920	PA14_29600	-0.939242924887623
PA14_09230	PA14_46620	-0.947477204514924
PA14_09240	PA14_46620	-0.940561384207559
PA14_09370	PA14_46620	-0.938264873078217
PA14_26020	PA14_46620	-0.948472071875397
PA14_37250	PA14_46620	-0.958101749560453
PA14_39880	PA14_46620	-0.948240791994171
PA14_55890	PA14_46620	-0.961001561617506
PA14_06790	PA14_46620	0.946352429511511
PA14_16140	PA14_46620	0.949231711742516
PA14_29620	PA14_46620	0.94257247828113
